               epoch,      train/box_loss,      train/obj_loss,      train/cls_loss,   metrics/precision,      metrics/recall,     metrics/mAP_0.5,metrics/mAP_0.5:0.95,        val/box_loss,        val/obj_loss,        val/cls_loss,               x/lr0,               x/lr1,               x/lr2
                   0,             0.11429,            0.029411,                   0,           0.0032526,             0.11111,          0.00073546,          0.00011192,            0.071194,            0.022532,                   0,             0.00018,             0.00018,             0.09838
                   1,             0.10644,            0.029055,                   0,           0.0015147,             0.44444,          0.00068805,          8.9737e-05,            0.067462,            0.022523,                   0,          0.00036999,          0.00036999,             0.09667
                   2,            0.098556,            0.030243,                   0,            0.009261,             0.22222,           0.0048286,          0.00064183,            0.061453,            0.022685,                   0,          0.00055995,          0.00055995,             0.09496
                   3,             0.09582,            0.033497,                   0,             0.02125,             0.33333,            0.013076,            0.001964,            0.057867,            0.025541,                   0,          0.00074985,          0.00074985,             0.09325
                   4,             0.08451,            0.034277,                   0,            0.045122,             0.11111,            0.024419,           0.0033596,            0.054037,            0.022912,                   0,          0.00093967,          0.00093967,             0.09154
                   5,            0.079047,             0.03441,                   0,            0.037094,             0.11111,            0.010495,           0.0030013,            0.056244,            0.021583,                   0,           0.0011294,           0.0011294,            0.089829
                   6,            0.075769,            0.031279,                   0,             0.13683,             0.11111,             0.02279,           0.0032714,            0.058948,            0.019911,                   0,            0.001319,            0.001319,            0.088119
                   7,            0.075834,            0.034994,                   0,            0.079704,             0.33333,            0.034233,            0.010431,            0.055988,            0.019929,                   0,           0.0015084,           0.0015084,            0.086408
                   8,            0.069745,            0.031988,                   0,             0.27742,             0.21448,             0.15982,            0.040125,            0.051139,            0.019814,                   0,           0.0016976,           0.0016976,            0.084698
                   9,            0.067143,            0.036623,                   0,             0.47285,             0.55556,             0.53518,             0.20298,             0.03617,            0.020238,                   0,           0.0018866,           0.0018866,            0.082987
                  10,            0.063151,            0.036402,                   0,             0.55528,               0.555,             0.53952,             0.17032,            0.029148,            0.018421,                   0,           0.0020754,           0.0020754,            0.081275
                  11,            0.062848,            0.028288,                   0,                   1,             0.44435,             0.60658,             0.25996,            0.029899,            0.017431,                   0,            0.002264,            0.002264,            0.079564
                  12,            0.059026,            0.034652,                   0,             0.63512,             0.77778,             0.63739,             0.14289,            0.033101,            0.015609,                   0,           0.0024522,           0.0024522,            0.077852
                  13,            0.056276,              0.0273,                   0,                   1,             0.88871,             0.94325,             0.44183,            0.030012,            0.015345,                   0,           0.0026402,           0.0026402,             0.07614
                  14,            0.055917,            0.032162,                   0,             0.79938,             0.44307,             0.56031,             0.19262,            0.032052,            0.017551,                   0,           0.0028278,           0.0028278,            0.074428
                  15,            0.055113,            0.024511,                   0,             0.99401,             0.77778,             0.91016,             0.38091,            0.032175,            0.013134,                   0,           0.0030151,           0.0030151,            0.072715
                  16,            0.059651,            0.025883,                   0,             0.55479,             0.55556,             0.44972,              0.2329,            0.035651,            0.015193,                   0,            0.003202,            0.003202,            0.071002
                  17,            0.056717,            0.024659,                   0,             0.26064,             0.77778,             0.27486,            0.097577,            0.037475,            0.015547,                   0,           0.0033884,           0.0033884,            0.069288
                  18,            0.053984,            0.023089,                   0,             0.57122,             0.44444,             0.50795,             0.17948,            0.041434,            0.012528,                   0,           0.0035745,           0.0035745,            0.067574
                  19,            0.051767,            0.022251,                   0,              0.5537,             0.55556,             0.47228,             0.12396,            0.033592,             0.01076,                   0,           0.0037601,           0.0037601,             0.06586
                  20,            0.056104,             0.02619,                   0,             0.85678,             0.66667,              0.8002,             0.27533,            0.028067,            0.010782,                   0,           0.0039452,           0.0039452,            0.064145
                  21,            0.056575,            0.024085,                   0,              0.6631,             0.65716,             0.60582,             0.14868,            0.029782,           0.0095956,                   0,           0.0041298,           0.0041298,             0.06243
                  22,            0.053718,            0.020376,                   0,             0.83237,             0.55556,             0.64957,             0.35289,            0.037701,           0.0090856,                   0,           0.0043139,           0.0043139,            0.060714
                  23,            0.052594,            0.022238,                   0,             0.72676,             0.88681,             0.74992,             0.38656,            0.029139,           0.0097888,                   0,           0.0044975,           0.0044975,            0.058997
                  24,             0.04634,             0.02074,                   0,             0.63596,             0.77778,             0.67367,             0.32947,            0.024824,           0.0097089,                   0,           0.0046804,           0.0046804,             0.05728
                  25,            0.053443,            0.018766,                   0,             0.74894,             0.66667,             0.72474,             0.22537,            0.037561,           0.0089358,                   0,           0.0048628,           0.0048628,            0.055563
                  26,            0.046709,            0.019033,                   0,             0.66654,             0.88843,             0.77492,             0.37076,            0.024302,           0.0094175,                   0,           0.0050446,           0.0050446,            0.053845
                  27,            0.045931,            0.022424,                   0,             0.88775,             0.88889,             0.90373,             0.36317,            0.026732,           0.0083122,                   0,           0.0052257,           0.0052257,            0.052126
                  28,            0.047445,            0.020417,                   0,             0.83311,             0.55556,             0.68389,              0.2357,            0.043639,           0.0082574,                   0,           0.0054061,           0.0054061,            0.050406
                  29,            0.055862,            0.015867,                   0,              0.3833,             0.55556,              0.3833,             0.10976,            0.036966,           0.0087057,                   0,           0.0055859,           0.0055859,            0.048686
                  30,            0.057669,            0.019646,                   0,             0.53183,             0.88889,              0.6421,             0.27443,            0.026915,           0.0089541,                   0,           0.0057649,           0.0057649,            0.046965
                  31,            0.046554,            0.019988,                   0,                   1,             0.88812,             0.93216,             0.37227,            0.026521,           0.0080778,                   0,           0.0059432,           0.0059432,            0.045243
                  32,            0.049533,            0.018696,                   0,             0.49912,             0.44308,             0.51854,             0.11772,            0.034694,           0.0093037,                   0,           0.0061207,           0.0061207,            0.043521
                  33,            0.054374,            0.016373,                   0,             0.49384,             0.55556,              0.4378,             0.15143,            0.032692,            0.010299,                   0,           0.0062975,           0.0062975,            0.041797
                  34,            0.051322,            0.019214,                   0,             0.99944,             0.66667,             0.75605,              0.2837,            0.030206,           0.0097936,                   0,           0.0064734,           0.0064734,            0.040073
                  35,            0.050787,            0.016571,                   0,             0.61471,             0.88889,             0.78313,             0.28764,            0.031399,           0.0084707,                   0,           0.0066485,           0.0066485,            0.038349
                  36,            0.046216,            0.019917,                   0,             0.66624,             0.66667,             0.61605,              0.1969,            0.030766,            0.010336,                   0,           0.0068228,           0.0068228,            0.036623
                  37,            0.048482,            0.015971,                   0,             0.88857,             0.88889,             0.84446,             0.34077,            0.029505,           0.0087771,                   0,           0.0069962,           0.0069962,            0.034896
                  38,            0.056473,            0.016979,                   0,             0.44091,             0.44444,             0.31194,             0.12652,            0.033035,            0.012042,                   0,           0.0071687,           0.0071687,            0.033169
                  39,            0.054521,            0.022237,                   0,             0.12019,             0.55556,            0.087703,            0.028038,            0.042725,            0.013278,                   0,           0.0073403,           0.0073403,             0.03144
                  40,             0.04063,            0.015138,                   0,             0.23005,             0.33333,             0.18234,            0.086883,            0.038303,            0.011701,                   0,            0.007511,            0.007511,            0.029711
                  41,            0.042159,               0.016,                   0,             0.59951,             0.66667,              0.5917,             0.14037,            0.032664,           0.0088891,                   0,           0.0076806,           0.0076806,            0.027981
                  42,            0.050802,            0.019424,                   0,             0.64271,                   1,             0.85045,             0.45631,            0.025666,            0.007241,                   0,           0.0078494,           0.0078494,            0.026249
                  43,            0.048257,            0.017708,                   0,             0.99912,             0.66667,             0.87602,             0.46413,            0.022433,           0.0066256,                   0,           0.0080171,           0.0080171,            0.024517
                  44,            0.051985,            0.018941,                   0,             0.45428,             0.55556,             0.42351,            0.090253,            0.039368,           0.0075602,                   0,           0.0081838,           0.0081838,            0.022784
                  45,            0.058624,            0.016426,                   0,             0.57072,             0.44444,             0.49328,             0.19143,            0.036779,            0.007007,                   0,           0.0083494,           0.0083494,            0.021049
                  46,            0.047637,            0.016243,                   0,             0.69952,             0.77617,             0.68911,             0.35024,             0.02851,           0.0070688,                   0,            0.008514,            0.008514,            0.019314
                  47,            0.047925,            0.016282,                   0,             0.63549,             0.77778,             0.71799,             0.47874,            0.023929,           0.0069366,                   0,           0.0086775,           0.0086775,            0.017577
                  48,            0.045526,            0.016773,                   0,             0.99991,             0.88889,             0.90371,             0.50085,            0.024099,            0.006624,                   0,           0.0088399,           0.0088399,             0.01584
                  49,            0.040859,            0.014804,                   0,             0.88863,             0.88889,             0.90474,             0.42215,            0.021318,           0.0066062,                   0,           0.0090011,           0.0090011,            0.014101
                  50,            0.043075,            0.017788,                   0,              0.9996,             0.88889,             0.92463,             0.59068,            0.021023,           0.0064908,                   0,           0.0091613,           0.0091613,            0.012361
                  51,            0.042535,            0.014374,                   0,             0.74985,             0.66667,             0.63018,             0.30869,            0.029283,           0.0068887,                   0,           0.0093202,           0.0093202,             0.01062
                  52,            0.050818,            0.013408,                   0,             0.99802,             0.33333,             0.43963,             0.19386,            0.027239,           0.0085861,                   0,           0.0094215,           0.0094215,           0.0094215
                  53,            0.043876,            0.015839,                   0,             0.49375,             0.54306,             0.53048,             0.25479,            0.024736,           0.0072433,                   0,           0.0094215,           0.0094215,           0.0094215
                  54,            0.041782,              0.0144,                   0,             0.83151,             0.55556,             0.68137,             0.21813,            0.020124,           0.0065664,                   0,           0.0093996,           0.0093996,           0.0093996
                  55,            0.040796,            0.015824,                   0,             0.82995,             0.55556,             0.70171,             0.26631,            0.019181,           0.0061865,                   0,           0.0093773,           0.0093773,           0.0093773
                  56,            0.039087,            0.017691,                   0,             0.29142,             0.77778,              0.4326,             0.10398,            0.026293,           0.0071875,                   0,           0.0093547,           0.0093547,           0.0093547
                  57,            0.049314,            0.017107,                   0,             0.87445,             0.77778,             0.73956,             0.33045,             0.02566,           0.0060862,                   0,           0.0093317,           0.0093317,           0.0093317
                  58,            0.044526,            0.015793,                   0,             0.99938,             0.77778,              0.8154,             0.61426,            0.022793,           0.0059146,                   0,           0.0093083,           0.0093083,           0.0093083
                  59,            0.041719,            0.016181,                   0,                   1,             0.88814,             0.90568,             0.56879,            0.020377,           0.0053813,                   0,           0.0092846,           0.0092846,           0.0092846
                  60,            0.037375,            0.014742,                   0,             0.99978,             0.88889,             0.90272,             0.69714,            0.016645,           0.0050839,                   0,           0.0092605,           0.0092605,           0.0092605
                  61,            0.035609,            0.013009,                   0,             0.88828,             0.88889,             0.88735,             0.56366,             0.02117,           0.0059395,                   0,           0.0092361,           0.0092361,           0.0092361
                  62,            0.046403,            0.017539,                   0,             0.77747,             0.77778,              0.8167,             0.21231,            0.030459,           0.0051571,                   0,           0.0092113,           0.0092113,           0.0092113
                  63,            0.050757,            0.017043,                   0,             0.53823,             0.77778,             0.71819,             0.37092,            0.021248,           0.0052505,                   0,           0.0091861,           0.0091861,           0.0091861
                  64,            0.041132,            0.015026,                   0,             0.54512,             0.66585,             0.67361,             0.34654,            0.021597,           0.0056743,                   0,           0.0091606,           0.0091606,           0.0091606
                  65,            0.032832,            0.017059,                   0,             0.53264,             0.88889,             0.67402,             0.32096,            0.019037,           0.0060389,                   0,           0.0091348,           0.0091348,           0.0091348
                  66,            0.030913,            0.016846,                   0,             0.49985,             0.88889,             0.65464,             0.39111,            0.017148,           0.0060564,                   0,           0.0091086,           0.0091086,           0.0091086
                  67,            0.031323,            0.016011,                   0,             0.66556,             0.88889,             0.71638,             0.26738,             0.02457,           0.0048919,                   0,           0.0090821,           0.0090821,           0.0090821
                  68,            0.039463,             0.01639,                   0,             0.66607,             0.66667,             0.58399,             0.27806,            0.024945,           0.0055044,                   0,           0.0090552,           0.0090552,           0.0090552
                  69,            0.038846,            0.014398,                   0,             0.88877,             0.88795,              0.8785,             0.63559,            0.016582,           0.0067027,                   0,            0.009028,            0.009028,            0.009028
                  70,            0.033408,            0.015046,                   0,             0.88869,             0.88734,             0.87542,             0.67908,            0.015342,           0.0068834,                   0,           0.0090004,           0.0090004,           0.0090004
                  71,            0.033863,            0.015434,                   0,             0.99989,             0.77778,             0.81083,             0.67411,            0.015712,           0.0066985,                   0,           0.0089726,           0.0089726,           0.0089726
                  72,            0.038536,            0.015833,                   0,             0.89996,             0.99957,             0.96212,             0.63678,            0.018796,           0.0039244,                   0,           0.0089444,           0.0089444,           0.0089444
                  73,            0.041558,            0.014936,                   0,             0.99045,                   1,             0.99514,             0.50837,            0.027588,           0.0040105,                   0,           0.0089159,           0.0089159,           0.0089159
                  74,            0.039677,            0.014109,                   0,             0.99998,                   1,              0.9951,             0.66046,            0.017352,           0.0044095,                   0,            0.008887,            0.008887,            0.008887
                  75,            0.033641,            0.017648,                   0,             0.89977,             0.99774,             0.92907,             0.63875,            0.014418,           0.0051562,                   0,           0.0088579,           0.0088579,           0.0088579
                  76,            0.033925,            0.015637,                   0,             0.88515,             0.88889,             0.90011,             0.65994,            0.013945,            0.005272,                   0,           0.0088284,           0.0088284,           0.0088284
                  77,            0.030018,             0.01444,                   0,             0.99863,                   1,             0.99509,             0.63974,            0.014277,            0.005333,                   0,           0.0087987,           0.0087987,           0.0087987
                  78,            0.037009,            0.014748,                   0,             0.81797,                   1,             0.83509,             0.29397,            0.026411,           0.0056481,                   0,           0.0087686,           0.0087686,           0.0087686
                  79,            0.044482,            0.013412,                   0,              0.9986,             0.88889,             0.93009,             0.49339,             0.01846,           0.0053107,                   0,           0.0087382,           0.0087382,           0.0087382
                  80,            0.034272,            0.015028,                   0,                   1,             0.99765,             0.99509,             0.61949,             0.01334,           0.0053178,                   0,           0.0087075,           0.0087075,           0.0087075
                  81,            0.032481,            0.014611,                   0,             0.89969,                   1,              0.9731,             0.57515,            0.012459,           0.0053472,                   0,           0.0086765,           0.0086765,           0.0086765
                  82,            0.026392,            0.013796,                   0,             0.89979,                   1,              0.9621,             0.57799,             0.01364,           0.0052767,                   0,           0.0086452,           0.0086452,           0.0086452
                  83,            0.032634,            0.015764,                   0,             0.89973,                   1,             0.97311,             0.65405,            0.015945,            0.004423,                   0,           0.0086137,           0.0086137,           0.0086137
                  84,            0.033469,             0.01082,                   0,             0.99956,             0.88889,             0.93462,             0.49884,            0.017945,            0.004678,                   0,           0.0085818,           0.0085818,           0.0085818
                  85,            0.034342,            0.011936,                   0,                   1,             0.88883,              0.9112,             0.59014,            0.014729,           0.0047184,                   0,           0.0085497,           0.0085497,           0.0085497
                  86,            0.030934,            0.014103,                   0,              0.9998,             0.88889,             0.90535,             0.65605,            0.014018,           0.0047791,                   0,           0.0085173,           0.0085173,           0.0085173
                  87,            0.026205,            0.011157,                   0,             0.99984,             0.88889,             0.89767,             0.63329,            0.013604,           0.0049881,                   0,           0.0084846,           0.0084846,           0.0084846
                  88,            0.027488,            0.014211,                   0,             0.99938,             0.88889,             0.89763,             0.63367,            0.017709,           0.0047056,                   0,           0.0084516,           0.0084516,           0.0084516
                  89,            0.035644,            0.013702,                   0,                   1,             0.88827,             0.90492,             0.42856,            0.020283,           0.0050873,                   0,           0.0084184,           0.0084184,           0.0084184
                  90,            0.035016,            0.012692,                   0,             0.99821,             0.88889,             0.91604,             0.67361,            0.015377,           0.0050474,                   0,           0.0083849,           0.0083849,           0.0083849
                  91,            0.030566,            0.013161,                   0,             0.79996,             0.88871,             0.84635,              0.5913,            0.011247,           0.0053803,                   0,           0.0083511,           0.0083511,           0.0083511
                  92,            0.027981,            0.014506,                   0,             0.72703,             0.88889,             0.82678,             0.56527,            0.010373,           0.0056526,                   0,           0.0083171,           0.0083171,           0.0083171
                  93,            0.026686,            0.015363,                   0,             0.79991,             0.88843,             0.85027,             0.53194,            0.012791,           0.0055957,                   0,           0.0082829,           0.0082829,           0.0082829
                  94,            0.027979,            0.012583,                   0,             0.85689,             0.66667,             0.81419,              0.4283,            0.021471,           0.0050069,                   0,           0.0082483,           0.0082483,           0.0082483
                  95,            0.032771,            0.012529,                   0,              0.7771,             0.77778,              0.8289,             0.56929,            0.015396,           0.0048617,                   0,           0.0082136,           0.0082136,           0.0082136
                  96,             0.02692,            0.011028,                   0,             0.99903,             0.77778,             0.86819,             0.69113,             0.01325,           0.0046116,                   0,           0.0081786,           0.0081786,           0.0081786
                  97,            0.029458,             0.01239,                   0,             0.99986,             0.77778,             0.87859,              0.7212,            0.012747,           0.0046546,                   0,           0.0081433,           0.0081433,           0.0081433
                  98,            0.025898,            0.013297,                   0,             0.88877,             0.88889,             0.88594,             0.72694,            0.011877,           0.0041666,                   0,           0.0081078,           0.0081078,           0.0081078
                  99,            0.029622,             0.01349,                   0,             0.77587,             0.77778,             0.69198,             0.50972,            0.017561,           0.0055712,                   0,           0.0080721,           0.0080721,           0.0080721
                 100,            0.033359,            0.013025,                   0,             0.85543,             0.66667,             0.63691,             0.48314,            0.016762,           0.0065438,                   0,           0.0080362,           0.0080362,           0.0080362
                 101,             0.02805,            0.013014,                   0,             0.85709,             0.66641,             0.61514,             0.51223,            0.011921,           0.0065608,                   0,               0.008,               0.008,               0.008
                 102,            0.023101,            0.010411,                   0,             0.83297,             0.55435,             0.57396,             0.40771,            0.013174,           0.0070193,                   0,           0.0079636,           0.0079636,           0.0079636
                 103,            0.024413,             0.01138,                   0,             0.82628,             0.55556,             0.56792,             0.43698,             0.01254,           0.0071989,                   0,            0.007927,            0.007927,            0.007927
                 104,            0.024887,            0.011042,                   0,             0.83319,             0.55507,             0.62763,             0.38151,            0.015955,           0.0069369,                   0,           0.0078902,           0.0078902,           0.0078902
                 105,            0.029557,            0.011862,                   0,             0.83234,             0.55556,             0.63155,               0.452,            0.019282,           0.0066516,                   0,           0.0078532,           0.0078532,           0.0078532
                 106,            0.031055,            0.011217,                   0,             0.85692,             0.66562,             0.73834,             0.47581,            0.014603,            0.006191,                   0,            0.007816,            0.007816,            0.007816
                 107,            0.028049,            0.011521,                   0,             0.74918,             0.66667,             0.65503,             0.51383,            0.011217,           0.0062187,                   0,           0.0077785,           0.0077785,           0.0077785
                 108,            0.024291,            0.011252,                   0,             0.74852,             0.66667,             0.67931,             0.56895,            0.011326,            0.005622,                   0,           0.0077409,           0.0077409,           0.0077409
                 109,            0.026194,            0.012238,                   0,                   1,             0.66622,             0.80165,             0.56839,            0.014859,           0.0053229,                   0,           0.0077031,           0.0077031,           0.0077031
                 110,            0.029691,            0.012444,                   0,             0.87436,             0.77778,             0.87013,             0.58185,            0.015045,            0.004767,                   0,           0.0076651,           0.0076651,           0.0076651
                 111,            0.030378,            0.012253,                   0,                 0.8,             0.88887,             0.90768,              0.6294,            0.013202,           0.0042246,                   0,           0.0076269,           0.0076269,           0.0076269
                 112,            0.028056,            0.011523,                   0,                   1,             0.88861,             0.94706,             0.76954,            0.012438,           0.0040739,                   0,           0.0075886,           0.0075886,           0.0075886
                 113,            0.024857,            0.011661,                   0,             0.99962,             0.88889,              0.9752,             0.86138,            0.010376,           0.0037876,                   0,           0.0075501,           0.0075501,           0.0075501
                 114,             0.02438,            0.010502,                   0,                   1,             0.88865,             0.97517,             0.86182,            0.010119,           0.0038893,                   0,           0.0075114,           0.0075114,           0.0075114
                 115,            0.025547,            0.010073,                   0,             0.89995,                   1,             0.98418,             0.64867,            0.015232,           0.0039832,                   0,           0.0074725,           0.0074725,           0.0074725
                 116,            0.025738,            0.011133,                   0,             0.99964,             0.88889,             0.97516,             0.75331,            0.013872,           0.0039618,                   0,           0.0074335,           0.0074335,           0.0074335
                 117,             0.02806,            0.010467,                   0,             0.99974,             0.88889,             0.96766,             0.81419,            0.013096,           0.0037307,                   0,           0.0073943,           0.0073943,           0.0073943
                 118,            0.025093,            0.012905,                   0,             0.89993,                   1,             0.98415,             0.82527,            0.012411,           0.0035543,                   0,            0.007355,            0.007355,            0.007355
                 119,            0.020536,            0.010084,                   0,             0.89964,                   1,             0.98417,             0.85284,            0.009429,           0.0033917,                   0,           0.0073155,           0.0073155,           0.0073155
                 120,            0.022604,            0.010689,                   0,             0.89996,             0.99962,             0.98415,             0.70127,            0.019111,           0.0037898,                   0,           0.0072758,           0.0072758,           0.0072758
                 121,            0.029394,            0.011797,                   0,             0.99973,                   1,             0.99517,             0.66484,            0.012681,           0.0032586,                   0,           0.0072361,           0.0072361,           0.0072361
                 122,            0.026878,            0.010227,                   0,             0.99973,                   1,             0.99516,             0.81078,            0.011249,           0.0032861,                   0,           0.0071962,           0.0071962,           0.0071962
                 123,            0.022456,           0.0098749,                   0,                   1,             0.99962,             0.99518,             0.82597,           0.0098548,           0.0032099,                   0,           0.0071561,           0.0071561,           0.0071561
                 124,            0.019828,           0.0095842,                   0,             0.89996,                   1,             0.98419,             0.80758,           0.0095519,            0.003161,                   0,            0.007116,            0.007116,            0.007116
                 125,            0.020159,            0.010176,                   0,                   1,             0.99999,             0.99517,              0.7933,              0.0114,           0.0031721,                   0,           0.0070757,           0.0070757,           0.0070757
                 126,            0.025118,           0.0098907,                   0,                   1,             0.99976,             0.99517,              0.5575,            0.020903,           0.0038989,                   0,           0.0070353,           0.0070353,           0.0070353
                 127,            0.032951,            0.010505,                   0,                   1,             0.99951,             0.99515,             0.73476,            0.012623,           0.0034722,                   0,           0.0069948,           0.0069948,           0.0069948
                 128,            0.024422,            0.010638,                   0,             0.99963,                   1,             0.99516,              0.7339,            0.010388,           0.0034539,                   0,           0.0069541,           0.0069541,           0.0069541
                 129,            0.023036,            0.010149,                   0,                   1,             0.99986,             0.99517,             0.79401,            0.010242,           0.0032956,                   0,           0.0069134,           0.0069134,           0.0069134
                 130,             0.01887,            0.010533,                   0,             0.99993,                   1,             0.99519,             0.80157,           0.0099888,           0.0032259,                   0,           0.0068726,           0.0068726,           0.0068726
                 131,              0.0224,           0.0089494,                   0,             0.89979,                   1,             0.98425,             0.82333,            0.011052,            0.003211,                   0,           0.0068316,           0.0068316,           0.0068316
                 132,            0.024051,            0.011355,                   0,             0.89999,              0.9999,              0.9843,             0.78089,            0.012337,           0.0031214,                   0,           0.0067906,           0.0067906,           0.0067906
                 133,             0.02421,           0.0096388,                   0,                   1,             0.99999,             0.99532,             0.67612,            0.013081,           0.0030989,                   0,           0.0067495,           0.0067495,           0.0067495
                 134,            0.021289,           0.0085675,                   0,                   1,             0.99993,             0.99528,             0.81634,             0.00989,           0.0027466,                   0,           0.0067083,           0.0067083,           0.0067083
                 135,            0.020194,           0.0077432,                   0,                   1,             0.99992,              0.9952,             0.81103,            0.009105,           0.0026717,                   0,           0.0066671,           0.0066671,           0.0066671
                 136,            0.019818,           0.0090705,                   0,             0.99991,                   1,             0.99516,             0.64389,              0.0146,            0.002915,                   0,           0.0066257,           0.0066257,           0.0066257
                 137,            0.028636,             0.01094,                   0,             0.89995,                   1,             0.97313,             0.69596,             0.01268,           0.0032156,                   0,           0.0065843,           0.0065843,           0.0065843
                 138,            0.031262,            0.011978,                   0,             0.89999,             0.99993,             0.97315,             0.70694,             0.01172,           0.0030251,                   0,           0.0065429,           0.0065429,           0.0065429
                 139,            0.025518,           0.0098506,                   0,                   1,             0.77746,             0.92115,             0.73704,           0.0097953,           0.0033792,                   0,           0.0065013,           0.0065013,           0.0065013
                 140,             0.02212,           0.0098025,                   0,                   1,             0.77708,             0.87642,             0.71856,           0.0099567,           0.0038504,                   0,           0.0064597,           0.0064597,           0.0064597
                 141,            0.022587,            0.013647,                   0,                   1,             0.77737,             0.88592,             0.77586,            0.010682,           0.0037852,                   0,           0.0064181,           0.0064181,           0.0064181
                 142,             0.02121,           0.0087926,                   0,             0.99972,             0.77778,             0.90475,             0.73971,            0.012625,           0.0036869,                   0,           0.0063764,           0.0063764,           0.0063764
                 143,            0.022712,           0.0091904,                   0,                   1,             0.77722,             0.89167,             0.70142,           0.0097688,            0.003802,                   0,           0.0063347,           0.0063347,           0.0063347
                 144,            0.022704,           0.0091274,                   0,             0.99855,             0.77778,             0.89169,             0.77647,           0.0090134,           0.0040578,                   0,            0.006293,            0.006293,            0.006293
                 145,            0.018004,           0.0094737,                   0,                   1,              0.7768,             0.87973,             0.79304,           0.0080478,           0.0040367,                   0,           0.0062512,           0.0062512,           0.0062512
                 146,            0.021722,            0.010872,                   0,             0.99833,             0.77778,             0.87973,              0.7828,           0.0086638,           0.0043697,                   0,           0.0062093,           0.0062093,           0.0062093
                 147,            0.021694,            0.010238,                   0,              0.9979,             0.77778,             0.85733,             0.65663,            0.012812,           0.0052884,                   0,           0.0061675,           0.0061675,           0.0061675
                 148,            0.021842,           0.0082103,                   0,             0.99862,             0.77778,             0.83666,             0.67703,            0.014768,           0.0055821,                   0,           0.0061256,           0.0061256,           0.0061256
                 149,            0.022343,            0.008279,                   0,             0.99934,             0.77778,             0.82514,              0.7475,            0.009818,            0.005309,                   0,           0.0060838,           0.0060838,           0.0060838
                 150,            0.019444,           0.0088276,                   0,             0.99974,             0.77778,             0.82738,             0.75153,           0.0093359,           0.0052095,                   0,           0.0060419,           0.0060419,           0.0060419
                 151,            0.018253,           0.0096453,                   0,             0.99996,             0.88889,              0.8855,             0.80596,           0.0096914,           0.0035203,                   0,               0.006,               0.006,               0.006
                 152,            0.021762,            0.011404,                   0,             0.99995,             0.88889,             0.88568,             0.82129,           0.0091242,           0.0030428,                   0,           0.0059581,           0.0059581,           0.0059581
                 153,             0.01887,           0.0097338,                   0,             0.99988,             0.88889,             0.88573,             0.78278,             0.01288,           0.0033157,                   0,           0.0059162,           0.0059162,           0.0059162
                 154,            0.022378,           0.0094192,                   0,             0.99997,             0.88889,              0.8857,             0.77807,             0.01238,            0.003391,                   0,           0.0058744,           0.0058744,           0.0058744
                 155,            0.020772,            0.011041,                   0,             0.99992,             0.88889,             0.88564,             0.72949,            0.011966,            0.003605,                   0,           0.0058325,           0.0058325,           0.0058325
                 156,             0.01943,           0.0093777,                   0,             0.99977,             0.88889,             0.88564,             0.75842,            0.010829,           0.0036903,                   0,           0.0057907,           0.0057907,           0.0057907
                 157,            0.019534,           0.0094319,                   0,             0.99985,             0.88889,             0.88573,             0.68568,            0.012284,           0.0035321,                   0,           0.0057488,           0.0057488,           0.0057488
                 158,            0.020407,           0.0091831,                   0,             0.99994,             0.88889,             0.88568,             0.68194,            0.015517,           0.0037254,                   0,            0.005707,            0.005707,            0.005707
                 159,            0.024339,           0.0097172,                   0,              0.9999,             0.88889,             0.88588,             0.77211,            0.012943,           0.0034577,                   0,           0.0056653,           0.0056653,           0.0056653
                 160,            0.020468,           0.0095813,                   0,             0.99997,             0.88889,             0.88606,             0.80055,            0.009318,           0.0034665,                   0,           0.0056236,           0.0056236,           0.0056236
                 161,            0.019719,           0.0087813,                   0,             0.99993,             0.88889,             0.88603,             0.81243,           0.0089301,           0.0035102,                   0,           0.0055819,           0.0055819,           0.0055819
                 162,            0.018209,            0.010659,                   0,             0.99996,             0.88889,             0.88608,             0.80763,           0.0089432,            0.003507,                   0,           0.0055403,           0.0055403,           0.0055403
                 163,            0.017644,           0.0080074,                   0,             0.99992,             0.88889,             0.88603,              0.8003,           0.0093769,           0.0032663,                   0,           0.0054987,           0.0054987,           0.0054987
                 164,             0.02115,           0.0080385,                   0,             0.99981,             0.88889,             0.96806,             0.69947,            0.012447,           0.0033301,                   0,           0.0054571,           0.0054571,           0.0054571
                 165,            0.019568,            0.010094,                   0,             0.99994,             0.88889,             0.96164,             0.81285,           0.0084242,           0.0028684,                   0,           0.0054157,           0.0054157,           0.0054157
                 166,            0.019356,           0.0095935,                   0,             0.99977,             0.88889,             0.96793,             0.81548,            0.010826,           0.0028664,                   0,           0.0053743,           0.0053743,           0.0053743
                 167,            0.021987,            0.011117,                   0,                   1,             0.99999,             0.99546,             0.82054,            0.011195,           0.0026777,                   0,           0.0053329,           0.0053329,           0.0053329
                 168,            0.021187,           0.0092244,                   0,                   1,                   1,             0.99551,             0.82987,           0.0094592,           0.0023815,                   0,           0.0052917,           0.0052917,           0.0052917
                 169,             0.02108,            0.010341,                   0,                   1,             0.99997,             0.99551,             0.77205,            0.013596,           0.0026355,                   0,           0.0052505,           0.0052505,           0.0052505
                 170,            0.021972,           0.0099324,                   0,             0.99986,                   1,             0.99551,              0.7677,            0.010988,           0.0023118,                   0,           0.0052094,           0.0052094,           0.0052094
                 171,            0.016428,           0.0075232,                   0,                   1,             0.99991,             0.99545,             0.79839,            0.008983,           0.0022647,                   0,           0.0051684,           0.0051684,           0.0051684
                 172,            0.018674,            0.010099,                   0,             0.99998,                   1,             0.99546,             0.79883,           0.0093673,           0.0023763,                   0,           0.0051274,           0.0051274,           0.0051274
                 173,            0.015974,           0.0090213,                   0,                   1,             0.99987,              0.9954,             0.77827,           0.0094699,           0.0024819,                   0,           0.0050866,           0.0050866,           0.0050866
                 174,            0.019632,           0.0099498,                   0,                   1,             0.99987,             0.99544,             0.77974,            0.011947,           0.0027619,                   0,           0.0050459,           0.0050459,           0.0050459
                 175,            0.022083,            0.010199,                   0,             0.89953,                   1,             0.98448,             0.75778,           0.0082041,           0.0024778,                   0,           0.0050052,           0.0050052,           0.0050052
                 176,            0.017452,           0.0091812,                   0,                   1,             0.99982,             0.99549,             0.80418,           0.0078776,           0.0024423,                   0,           0.0049647,           0.0049647,           0.0049647
                 177,             0.01579,           0.0079476,                   0,             0.89987,              0.9987,             0.98442,             0.80189,           0.0077708,           0.0025217,                   0,           0.0049243,           0.0049243,           0.0049243
                 178,            0.016297,           0.0086709,                   0,             0.99982,             0.88889,             0.97541,             0.82518,           0.0074918,           0.0026313,                   0,            0.004884,            0.004884,            0.004884
                 179,            0.016417,           0.0081726,                   0,             0.89992,                   1,             0.98438,             0.80264,           0.0095333,           0.0026767,                   0,           0.0048439,           0.0048439,           0.0048439
                 180,            0.020093,            0.010052,                   0,                   1,             0.99985,             0.99545,             0.82371,            0.010188,           0.0026073,                   0,           0.0048038,           0.0048038,           0.0048038
                 181,            0.020153,           0.0094248,                   0,                   1,             0.99989,             0.99554,             0.81763,           0.0075668,           0.0024371,                   0,           0.0047639,           0.0047639,           0.0047639
                 182,            0.019342,           0.0082772,                   0,                   1,             0.99996,             0.99566,             0.84098,           0.0071613,           0.0023603,                   0,           0.0047242,           0.0047242,           0.0047242
                 183,             0.01618,           0.0086666,                   0,             0.99985,                   1,             0.99565,             0.84449,           0.0077741,           0.0024423,                   0,           0.0046845,           0.0046845,           0.0046845
                 184,            0.016952,           0.0094195,                   0,             0.89998,                   1,             0.98462,             0.78376,           0.0097372,           0.0027344,                   0,            0.004645,            0.004645,            0.004645
                 185,             0.01744,           0.0080054,                   0,              0.8997,                   1,             0.98464,             0.65107,           0.0097132,           0.0028348,                   0,           0.0046057,           0.0046057,           0.0046057
                 186,            0.017225,           0.0075013,                   0,             0.99994,             0.88889,             0.97567,             0.78175,           0.0082051,           0.0029194,                   0,           0.0045665,           0.0045665,           0.0045665
                 187,             0.01678,           0.0079097,                   0,             0.99986,             0.88889,             0.97567,             0.80166,           0.0087031,           0.0031585,                   0,           0.0045275,           0.0045275,           0.0045275
                 188,            0.014816,           0.0081085,                   0,             0.89996,              0.9996,             0.98466,             0.81305,           0.0079066,           0.0032073,                   0,           0.0044886,           0.0044886,           0.0044886
                 189,            0.014495,            0.007018,                   0,             0.99965,             0.88889,             0.96813,             0.81204,           0.0085794,           0.0034218,                   0,           0.0044499,           0.0044499,           0.0044499
                 190,            0.019233,           0.0090145,                   0,             0.99975,             0.88889,             0.88597,             0.72027,            0.010771,           0.0034034,                   0,           0.0044114,           0.0044114,           0.0044114
                 191,            0.019102,           0.0085013,                   0,             0.99978,             0.88889,             0.88605,             0.80595,           0.0087488,           0.0032242,                   0,           0.0043731,           0.0043731,           0.0043731
                 192,            0.017805,           0.0078672,                   0,                   1,             0.88881,             0.88587,             0.78495,           0.0079212,           0.0030594,                   0,           0.0043349,           0.0043349,           0.0043349
                 193,            0.014667,           0.0070916,                   0,             0.89997,             0.99966,             0.98458,             0.80743,           0.0076148,           0.0029725,                   0,           0.0042969,           0.0042969,           0.0042969
                 194,            0.016012,           0.0069383,                   0,             0.99997,             0.88889,             0.88597,             0.79762,           0.0076772,           0.0028731,                   0,           0.0042591,           0.0042591,           0.0042591
                 195,              0.0143,           0.0070429,                   0,             0.89997,             0.99966,              0.9847,             0.79588,           0.0089093,           0.0029254,                   0,           0.0042215,           0.0042215,           0.0042215
                 196,            0.016453,           0.0079978,                   0,             0.99988,             0.88889,             0.88613,             0.76176,           0.0089136,           0.0029615,                   0,            0.004184,            0.004184,            0.004184
                 197,            0.016421,           0.0081532,                   0,             0.99981,             0.88889,             0.88627,             0.80654,           0.0080892,           0.0028754,                   0,           0.0041468,           0.0041468,           0.0041468
                 198,            0.014857,           0.0072119,                   0,             0.99984,             0.88889,             0.88617,             0.78855,           0.0074005,           0.0027432,                   0,           0.0041098,           0.0041098,           0.0041098
                 199,            0.014554,           0.0083242,                   0,             0.99984,             0.88889,             0.88615,             0.80328,           0.0070685,           0.0027459,                   0,            0.004073,            0.004073,            0.004073
                 200,            0.014813,           0.0086549,                   0,             0.99969,             0.88889,             0.88632,             0.79541,            0.008026,           0.0027455,                   0,           0.0040364,           0.0040364,           0.0040364
                 201,            0.014735,           0.0064651,                   0,             0.89989,                   1,              0.9848,             0.69786,            0.010578,           0.0030003,                   0,               0.004,               0.004,               0.004
                 202,            0.016828,           0.0071766,                   0,             0.99939,             0.88889,             0.92112,             0.82223,           0.0075231,           0.0026911,                   0,           0.0039638,           0.0039638,           0.0039638
                 203,            0.015102,            0.006736,                   0,             0.99994,             0.88889,             0.88629,             0.80839,           0.0072433,            0.002631,                   0,           0.0039279,           0.0039279,           0.0039279
                 204,             0.01643,           0.0098592,                   0,             0.89988,                   1,             0.98488,             0.82818,            0.007296,           0.0026442,                   0,           0.0038922,           0.0038922,           0.0038922
                 205,            0.014179,           0.0073698,                   0,             0.89987,                   1,             0.98469,             0.82898,           0.0079279,           0.0028223,                   0,           0.0038567,           0.0038567,           0.0038567
                 206,            0.014863,           0.0075791,                   0,                 0.9,             0.99995,             0.98464,             0.83312,           0.0088407,           0.0030781,                   0,           0.0038214,           0.0038214,           0.0038214
                 207,            0.016881,           0.0085352,                   0,                 0.9,                   1,             0.98458,             0.78127,            0.008638,           0.0032911,                   0,           0.0037864,           0.0037864,           0.0037864
                 208,            0.014858,           0.0080226,                   0,             0.89991,                   1,              0.9846,             0.82559,           0.0086676,           0.0034361,                   0,           0.0037517,           0.0037517,           0.0037517
                 209,             0.01468,           0.0084901,                   0,             0.89997,                   1,             0.98451,             0.83924,           0.0077802,           0.0034656,                   0,           0.0037171,           0.0037171,           0.0037171
                 210,            0.014238,           0.0066017,                   0,             0.89995,                   1,             0.98449,             0.79085,           0.0082311,           0.0035596,                   0,           0.0036829,           0.0036829,           0.0036829
                 211,            0.016081,           0.0085254,                   0,              0.8999,                   1,             0.98438,             0.82243,           0.0097529,           0.0034786,                   0,           0.0036489,           0.0036489,           0.0036489
                 212,            0.017214,           0.0082011,                   0,             0.89994,                   1,             0.98442,             0.69525,            0.010192,           0.0034103,                   0,           0.0036151,           0.0036151,           0.0036151
                 213,            0.015005,           0.0071397,                   0,                 0.9,                   1,             0.98441,             0.81289,           0.0087912,           0.0030971,                   0,           0.0035816,           0.0035816,           0.0035816
                 214,            0.015219,           0.0081018,                   0,             0.89992,                   1,             0.98446,             0.82254,           0.0085384,           0.0030253,                   0,           0.0035484,           0.0035484,           0.0035484
                 215,            0.012981,           0.0068132,                   0,             0.89998,                   1,             0.98438,             0.78378,           0.0081541,           0.0030119,                   0,           0.0035154,           0.0035154,           0.0035154
                 216,            0.014763,            0.007437,                   0,             0.89994,                   1,             0.98437,             0.78006,           0.0090816,             0.00315,                   0,           0.0034827,           0.0034827,           0.0034827
                 217,            0.015098,            0.008273,                   0,             0.89991,                   1,             0.98441,             0.82997,            0.009609,           0.0033194,                   0,           0.0034503,           0.0034503,           0.0034503
                 218,            0.015493,           0.0077713,                   0,             0.89992,                   1,             0.98451,             0.80188,           0.0084639,           0.0032082,                   0,           0.0034182,           0.0034182,           0.0034182
                 219,            0.015255,           0.0083149,                   0,                   1,             0.99993,             0.99542,             0.83219,           0.0078762,           0.0031564,                   0,           0.0033863,           0.0033863,           0.0033863
                 220,            0.015038,           0.0076888,                   0,                   1,             0.99994,             0.99545,             0.79357,           0.0080839,           0.0031828,                   0,           0.0033548,           0.0033548,           0.0033548
                 221,            0.013667,           0.0074732,                   0,                   1,              0.9999,              0.9954,             0.84506,           0.0087426,           0.0030821,                   0,           0.0033235,           0.0033235,           0.0033235
                 222,            0.015546,           0.0079993,                   0,                   1,             0.99995,              0.9954,             0.75209,           0.0094589,           0.0029553,                   0,           0.0032925,           0.0032925,           0.0032925
                 223,            0.018443,            0.008565,                   0,                   1,             0.99995,             0.99548,             0.83038,            0.010038,           0.0028612,                   0,           0.0032618,           0.0032618,           0.0032618
                 224,            0.015106,           0.0076047,                   0,                   1,             0.99995,             0.99552,             0.83043,           0.0092387,           0.0027891,                   0,           0.0032314,           0.0032314,           0.0032314
                 225,            0.013174,           0.0081798,                   0,             0.89992,              0.9992,             0.98455,               0.856,           0.0086269,           0.0027974,                   0,           0.0032013,           0.0032013,           0.0032013
                 226,            0.016173,           0.0076772,                   0,             0.89945,                   1,             0.98467,             0.84146,           0.0085991,           0.0027964,                   0,           0.0031716,           0.0031716,           0.0031716
                 227,            0.014853,           0.0081274,                   0,             0.89994,              0.9994,             0.98463,             0.84703,           0.0090869,           0.0027297,                   0,           0.0031421,           0.0031421,           0.0031421
                 228,            0.017324,           0.0070305,                   0,             0.89998,             0.99975,             0.98467,             0.87504,           0.0077797,           0.0027046,                   0,            0.003113,            0.003113,            0.003113
                 229,            0.014521,           0.0079879,                   0,             0.89979,                   1,             0.98471,             0.85351,           0.0072536,            0.002604,                   0,           0.0030841,           0.0030841,           0.0030841
                 230,             0.01365,           0.0080587,                   0,             0.89982,                   1,             0.98474,             0.85275,           0.0067374,            0.002483,                   0,           0.0030556,           0.0030556,           0.0030556
                 231,            0.013849,           0.0077828,                   0,             0.89999,             0.99992,             0.98483,             0.84952,           0.0065841,           0.0023797,                   0,           0.0030274,           0.0030274,           0.0030274
                 232,            0.014378,           0.0069718,                   0,             0.89975,                   1,             0.98498,             0.84341,           0.0071702,           0.0022953,                   0,           0.0029996,           0.0029996,           0.0029996
                 233,            0.014415,           0.0077286,                   0,             0.89996,             0.99964,             0.98498,             0.83306,           0.0079307,           0.0024249,                   0,            0.002972,            0.002972,            0.002972
                 234,            0.012891,           0.0070702,                   0,             0.89999,             0.99989,               0.985,             0.86972,           0.0077691,           0.0023048,                   0,           0.0029448,           0.0029448,           0.0029448
                 235,            0.013578,            0.006774,                   0,              0.8999,                   1,              0.9851,             0.85824,           0.0080349,           0.0024266,                   0,           0.0029179,           0.0029179,           0.0029179
                 236,            0.011422,            0.006534,                   0,             0.89998,             0.99983,             0.98498,             0.87666,           0.0084177,           0.0024401,                   0,           0.0028914,           0.0028914,           0.0028914
                 237,            0.012763,           0.0077569,                   0,                   1,             0.99985,             0.99596,             0.87323,           0.0077275,           0.0024167,                   0,           0.0028652,           0.0028652,           0.0028652
                 238,            0.012653,           0.0070985,                   0,                   1,             0.99998,             0.99585,             0.87069,            0.008628,           0.0024205,                   0,           0.0028394,           0.0028394,           0.0028394
                 239,            0.013256,           0.0074453,                   0,                   1,             0.99999,             0.99598,             0.86636,           0.0073989,           0.0023818,                   0,           0.0028139,           0.0028139,           0.0028139
                 240,            0.012232,             0.00674,                   0,                   1,             0.99982,             0.99598,             0.87086,            0.007221,           0.0023582,                   0,           0.0027887,           0.0027887,           0.0027887
                 241,             0.01057,           0.0052163,                   0,             0.99983,                   1,               0.996,             0.85547,           0.0069975,           0.0023313,                   0,           0.0027639,           0.0027639,           0.0027639
                 242,            0.013527,           0.0065133,                   0,             0.99984,                   1,             0.99594,             0.86861,           0.0071145,           0.0023268,                   0,           0.0027395,           0.0027395,           0.0027395
                 243,            0.012029,           0.0065604,                   0,                   1,             0.99995,             0.99588,             0.85979,           0.0079294,           0.0025843,                   0,           0.0027154,           0.0027154,           0.0027154
                 244,             0.01348,           0.0054902,                   0,                   1,             0.99992,              0.9958,             0.79125,           0.0089718,           0.0027127,                   0,           0.0026917,           0.0026917,           0.0026917
                 245,            0.016052,           0.0075495,                   0,             0.99987,                   1,              0.9958,             0.85748,           0.0077539,           0.0026343,                   0,           0.0026683,           0.0026683,           0.0026683
                 246,            0.011802,           0.0069081,                   0,                   1,             0.99987,              0.9959,              0.8543,           0.0083593,           0.0026577,                   0,           0.0026453,           0.0026453,           0.0026453
                 247,            0.014527,           0.0070637,                   0,                   1,             0.99994,             0.99588,             0.85427,             0.00839,           0.0026469,                   0,           0.0026227,           0.0026227,           0.0026227
                 248,            0.013909,           0.0066449,                   0,                   1,             0.99994,             0.99575,             0.82864,           0.0074495,           0.0025621,                   0,           0.0026004,           0.0026004,           0.0026004
                 249,            0.013691,           0.0080715,                   0,             0.99993,             0.88889,             0.88609,             0.80392,           0.0094002,           0.0028571,                   0,           0.0025785,           0.0025785,           0.0025785
                 250,            0.013879,           0.0064573,                   0,             0.89992,             0.99916,             0.98471,              0.8475,           0.0075446,             0.00257,                   0,            0.002557,            0.002557,            0.002557
                 251,            0.011696,           0.0054235,                   0,                   1,             0.88889,             0.97575,             0.83124,           0.0074914,           0.0025532,                   0,           0.0025359,           0.0025359,           0.0025359
                 252,            0.010622,           0.0057485,                   0,                   1,             0.88889,             0.97567,             0.83113,           0.0074314,            0.002556,                   0,           0.0025151,           0.0025151,           0.0025151
                 253,            0.014355,           0.0066062,                   0,             0.89991,                   1,             0.98465,              0.8298,           0.0075311,           0.0025194,                   0,           0.0024948,           0.0024948,           0.0024948
                 254,            0.013689,           0.0069051,                   0,             0.89996,             0.99961,             0.98466,             0.84083,           0.0079982,           0.0025899,                   0,           0.0024748,           0.0024748,           0.0024748
                 255,            0.011516,           0.0061002,                   0,             0.89996,             0.99963,             0.98468,             0.84196,           0.0071534,           0.0024866,                   0,           0.0024552,           0.0024552,           0.0024552
                 256,            0.014885,           0.0086636,                   0,             0.89974,                   1,             0.98474,             0.83544,           0.0073606,           0.0024997,                   0,            0.002436,            0.002436,            0.002436
                 257,            0.011185,           0.0067494,                   0,             0.89999,             0.99989,             0.98485,             0.82851,           0.0071173,           0.0025155,                   0,           0.0024172,           0.0024172,           0.0024172
                 258,            0.012825,           0.0076972,                   0,             0.89997,                   1,             0.98485,             0.83795,           0.0071043,           0.0025883,                   0,           0.0023987,           0.0023987,           0.0023987
                 259,            0.011685,           0.0070933,                   0,                 0.9,             0.99995,             0.98485,             0.84266,           0.0081139,           0.0027395,                   0,           0.0023807,           0.0023807,           0.0023807
                 260,            0.014738,           0.0073419,                   0,             0.99985,             0.88889,             0.88632,             0.81863,           0.0071359,            0.002597,                   0,           0.0023631,           0.0023631,           0.0023631
                 261,            0.012262,             0.00651,                   0,             0.89998,             0.99982,             0.98483,             0.83666,           0.0072263,           0.0027551,                   0,           0.0023458,           0.0023458,           0.0023458
                 262,            0.011347,           0.0056915,                   0,             0.89998,             0.99981,             0.98485,             0.82851,           0.0074735,           0.0028511,                   0,            0.002329,            0.002329,            0.002329
                 263,            0.010798,           0.0051407,                   0,             0.89999,             0.99986,             0.98488,             0.82934,           0.0074323,            0.002783,                   0,           0.0023125,           0.0023125,           0.0023125
                 264,            0.013774,           0.0085337,                   0,             0.89999,                   1,               0.985,             0.83854,           0.0080568,           0.0026571,                   0,           0.0022965,           0.0022965,           0.0022965
                 265,            0.012198,           0.0059808,                   0,             0.99984,             0.88889,             0.88648,             0.78085,           0.0081506,           0.0025869,                   0,           0.0022809,           0.0022809,           0.0022809
                 266,            0.013705,            0.005577,                   0,             0.89979,                   1,              0.9849,             0.85246,           0.0077745,           0.0024684,                   0,           0.0022657,           0.0022657,           0.0022657
                 267,            0.013106,           0.0061416,                   0,                   1,                   1,             0.99594,             0.85105,           0.0077727,           0.0024288,                   0,           0.0022509,           0.0022509,           0.0022509
                 268,            0.012648,           0.0069818,                   0,                   1,              0.9999,               0.996,              0.8537,           0.0075358,           0.0023902,                   0,           0.0022365,           0.0022365,           0.0022365
                 269,            0.012915,           0.0065914,                   0,                   1,              0.9999,             0.99598,             0.84677,           0.0073719,            0.002386,                   0,           0.0022225,           0.0022225,           0.0022225
                 270,            0.013979,           0.0070145,                   0,                   1,             0.99999,             0.99592,             0.82887,           0.0081507,           0.0025142,                   0,           0.0022089,           0.0022089,           0.0022089
                 271,            0.012511,           0.0064171,                   0,             0.99988,                   1,             0.99596,             0.83958,           0.0075645,           0.0024309,                   0,           0.0021958,           0.0021958,           0.0021958
                 272,            0.011135,           0.0054055,                   0,             0.99987,                   1,             0.99596,             0.85134,           0.0072687,           0.0024437,                   0,            0.002183,            0.002183,            0.002183
                 273,            0.010698,           0.0052954,                   0,             0.99997,                   1,             0.99596,             0.82893,           0.0069633,           0.0023893,                   0,           0.0021707,           0.0021707,           0.0021707
                 274,            0.013124,           0.0085522,                   0,             0.99999,                   1,             0.99592,             0.82887,           0.0069329,           0.0024136,                   0,           0.0021588,           0.0021588,           0.0021588
                 275,            0.011143,           0.0059046,                   0,             0.99994,                   1,             0.99583,             0.85116,           0.0070038,           0.0024425,                   0,           0.0021473,           0.0021473,           0.0021473
                 276,             0.01165,           0.0058966,                   0,              0.9999,                   1,              0.9958,               0.808,           0.0072357,           0.0025255,                   0,           0.0021363,           0.0021363,           0.0021363
                 277,            0.011491,           0.0064597,                   0,                   1,             0.99987,             0.99582,             0.85114,           0.0074138,           0.0026543,                   0,           0.0021257,           0.0021257,           0.0021257
                 278,            0.011985,           0.0062865,                   0,             0.99995,                   1,             0.99587,             0.83431,           0.0070351,           0.0026217,                   0,           0.0021155,           0.0021155,           0.0021155
                 279,            0.010905,           0.0054463,                   0,             0.99981,                   1,             0.99582,             0.84951,           0.0070546,           0.0027068,                   0,           0.0021057,           0.0021057,           0.0021057
                 280,            0.012441,            0.006191,                   0,                   1,             0.99995,              0.9959,             0.85224,           0.0077262,           0.0029336,                   0,           0.0020963,           0.0020963,           0.0020963
                 281,            0.010449,           0.0054135,                   0,                   1,             0.99991,              0.9959,             0.85224,           0.0085281,           0.0029695,                   0,           0.0020874,           0.0020874,           0.0020874
                 282,            0.012903,           0.0060455,                   0,             0.99971,             0.88889,             0.88639,             0.78604,           0.0076966,           0.0029035,                   0,           0.0020789,           0.0020789,           0.0020789
                 283,             0.01208,           0.0063286,                   0,             0.99992,                   1,             0.99596,             0.84444,           0.0070773,           0.0028442,                   0,           0.0020709,           0.0020709,           0.0020709
                 284,            0.010878,           0.0058491,                   0,             0.99993,                   1,             0.99607,              0.8446,           0.0069766,           0.0028149,                   0,           0.0020632,           0.0020632,           0.0020632
                 285,            0.012105,           0.0078229,                   0,             0.99998,                   1,              0.9961,             0.82912,           0.0081826,           0.0029078,                   0,            0.002056,            0.002056,            0.002056
                 286,            0.010717,           0.0065189,                   0,             0.99994,                   1,               0.996,             0.82899,           0.0078983,            0.002805,                   0,           0.0020492,           0.0020492,           0.0020492
                 287,            0.013678,           0.0069351,                   0,             0.99987,                   1,             0.99607,             0.85248,           0.0073105,           0.0027487,                   0,           0.0020429,           0.0020429,           0.0020429
                 288,            0.012666,           0.0060088,                   0,             0.99992,                   1,             0.99598,             0.85514,           0.0071527,           0.0027907,                   0,            0.002037,            0.002037,            0.002037
                 289,            0.012124,           0.0059416,                   0,             0.99999,                   1,             0.99605,             0.86112,           0.0073756,            0.002829,                   0,           0.0020315,           0.0020315,           0.0020315
                 290,            0.011592,           0.0067425,                   0,              0.9999,                   1,              0.9961,             0.82918,           0.0076534,           0.0029082,                   0,           0.0020265,           0.0020265,           0.0020265
                 291,            0.011561,           0.0055757,                   0,             0.99993,                   1,             0.99596,             0.82558,           0.0074194,           0.0029086,                   0,           0.0020219,           0.0020219,           0.0020219
                 292,            0.011283,           0.0063528,                   0,             0.99982,                   1,              0.9959,             0.84122,           0.0080003,            0.002964,                   0,           0.0020178,           0.0020178,           0.0020178
                 293,            0.012906,           0.0071275,                   0,             0.99979,                   1,             0.99598,             0.82896,           0.0072507,           0.0029341,                   0,            0.002014,            0.002014,            0.002014
                 294,           0.0093361,           0.0055888,                   0,                   1,                   1,             0.99602,             0.82902,           0.0071172,           0.0029982,                   0,           0.0020107,           0.0020107,           0.0020107
                 295,            0.010109,           0.0067671,                   0,                   1,                   1,             0.99605,             0.85147,           0.0071298,           0.0030568,                   0,           0.0020079,           0.0020079,           0.0020079
                 296,            0.011791,           0.0066407,                   0,             0.99999,                   1,             0.99618,             0.82924,           0.0076689,           0.0029945,                   0,           0.0020055,           0.0020055,           0.0020055
                 297,            0.012081,           0.0062108,                   0,             0.99984,                   1,              0.9961,              0.8415,           0.0078899,           0.0030169,                   0,           0.0020035,           0.0020035,           0.0020035
                 298,            0.011915,             0.00696,                   0,             0.99981,                   1,               0.996,             0.84136,           0.0073869,           0.0031138,                   0,            0.002002,            0.002002,            0.002002
                 299,            0.013126,            0.006773,                   0,             0.99999,                   1,               0.996,             0.82899,           0.0073436,            0.003184,                   0,           0.0020009,           0.0020009,           0.0020009
